Workbook
Name Categorie: OFFSET(Impostazioni!$B$9,0,0,MAX(1,COUNTA(Impostazioni!$B$9:$B$38)),1)
Name Mesi: Impostazioni!$I$9:$I$20

Sheet Movimenti
B2: MOVIMENTI — Entrate/spese senza segno
B4: Data | C4: Categoria | D4: Descrizione | E4: Importo (€) | F4: Mese | G4: Anno | H4: Tipo | I4: ID
F5: =IF($B5="","",MONTH($B5)) | G5: =IF($B5="","",YEAR($B5)) | H5: =IF($C5="","",IFERROR(INDEX(Impostazioni!$C$9:$C$38,MATCH($C5,Impostazioni!$B$9:$B$38,0)),"?? categoria non trovata"))
F6: =IF($B6="","",MONTH($B6)) | G6: =IF($B6="","",YEAR($B6)) | H6: =IF($C6="","",IFERROR(INDEX(Impostazioni!$C$9:$C$38,MATCH($C6,Impostazioni!$B$9:$B$38,0)),"?? categoria non trovata"))
F7: =IF($B7="","",MONTH($B7)) | G7: =IF($B7="","",YEAR($B7)) | H7: =IF($C7="","",IFERROR(INDEX(Impostazioni!$C$9:$C$38,MATCH($C7,Impostazioni!$B$9:$B$38,0)),"?? categoria non trovata"))
F8: =IF($B8="","",MONTH($B8)) | G8: =IF($B8="","",YEAR($B8)) | H8: =IF($C8="","",IFERROR(INDEX(Impostazioni!$C$9:$C$38,MATCH($C8,Impostazioni!$B$9:$B$38,0)),"?? categoria non trovata"))
F9: =IF($B9="","",MONTH($B9)) | G9: =IF($B9="","",YEAR($B9)) | H9: =IF($C9="","",IFERROR(INDEX(Impostazioni!$C$9:$C$38,MATCH($C9,Impostazioni!$B$9:$B$38,0)),"?? categoria non trovata"))
F10: =IF($B10="","",MONTH($B10)) | G10: =IF($B10="","",YEAR($B10)) | H10: =IF($C10="","",IFERROR(INDEX(Impostazioni!$C$9:$C$38,MATCH($C10,Impostazioni!$B$9:$B$38,0)),"?? categoria non trovata"))
F11: =IF($B11="","",MONTH($B11)) | G11: =IF($B11="","",YEAR($B11)) | H11: =IF($C11="","",IFERROR(INDEX(Impostazioni!$C$9:$C$38,MATCH($C11,Impostazioni!$B$9:$B$38,0)),"?? categoria non trovata"))
F12: =IF($B12="","",MONTH($B12)) | G12: =IF($B12="","",YEAR($B12)) | H12: =IF($C12="","",IFERROR(INDEX(Impostazioni!$C$9:$C$38,MATCH($C12,Impostazioni!$B$9:$B$38,0)),"?? categoria non trovata"))
F13: =IF($B13="","",MONTH($B13)) | G13: =IF($B13="","",YEAR($B13)) | H13: =IF($C13="","",IFERROR(INDEX(Impostazioni!$C$9:$C$38,MATCH($C13,Impostazioni!$B$9:$B$38,0)),"?? categoria non trovata"))
F14: =IF($B14="","",MONTH($B14)) | G14: =IF($B14="","",YEAR($B14)) | H14: =IF($C14="","",IFERROR(INDEX(Impostazioni!$C$9:$C$38,MATCH($C14,Impostazioni!$B$9:$B$38,0)),"?? categoria non trovata"))
F15: =IF($B15="","",MONTH($B15)) | G15: =IF($B15="","",YEAR($B15)) | H15: =IF($C15="","",IFERROR(INDEX(Impostazioni!$C$9:$C$38,MATCH($C15,Impostazioni!$B$9:$B$38,0)),"?? categoria non trovata"))
F16: =IF($B16="","",MONTH($B16)) | G16: =IF($B16="","",YEAR($B16)) | H16: =IF($C16="","",IFERROR(INDEX(Impostazioni!$C$9:$C$38,MATCH($C16,Impostazioni!$B$9:$B$38,0)),"?? categoria non trovata"))
... F504: =IF($B504="","",MONTH($B504)) | G504: =IF($B504="","",YEAR($B504)) | H504: =IF($C504="","",IFERROR(INDEX(Impostazioni!$C$9:$C$38,MATCH($C504,Impostazioni!$B$9:$B$38,0)),"?? categoria non trovata"))

Sheet Impostazioni
B2: IMPOSTAZIONI — categorie, budget e spese fisse
B4: Anno di riferimento | C4: 2026
B6: 1) CATEGORIE E BUDGET MENSILE
B8: Categoria | C8: Tipo | D8: Budget variabile mensile (€) | E8: Spese fisse (auto) (€) | F8: BUDGET TOTALE MENSILE (€) | I8: Elenco mesi
E9: =IF($B9="","",SUMIF($C$43:$C$62,$B9,$D$43:$D$62)) | F9: =IF($B9="","",SUM($D9:$E9)) | I9: Gennaio
E10: =IF($B10="","",SUMIF($C$43:$C$62,$B10,$D$43:$D$62)) | F10: =IF($B10="","",SUM($D10:$E10)) | I10: Febbraio
E11: =IF($B11="","",SUMIF($C$43:$C$62,$B11,$D$43:$D$62)) | F11: =IF($B11="","",SUM($D11:$E11)) | I11: Marzo
E12: =IF($B12="","",SUMIF($C$43:$C$62,$B12,$D$43:$D$62)) | F12: =IF($B12="","",SUM($D12:$E12)) | I12: Aprile
E13: =IF($B13="","",SUMIF($C$43:$C$62,$B13,$D$43:$D$62)) | F13: =IF($B13="","",SUM($D13:$E13)) | I13: Maggio
E14: =IF($B14="","",SUMIF($C$43:$C$62,$B14,$D$43:$D$62)) | F14: =IF($B14="","",SUM($D14:$E14)) | I14: Giugno
E15: =IF($B15="","",SUMIF($C$43:$C$62,$B15,$D$43:$D$62)) | F15: =IF($B15="","",SUM($D15:$E15)) | I15: Luglio
E16: =IF($B16="","",SUMIF($C$43:$C$62,$B16,$D$43:$D$62)) | F16: =IF($B16="","",SUM($D16:$E16)) | I16: Agosto
E17: =IF($B17="","",SUMIF($C$43:$C$62,$B17,$D$43:$D$62)) | F17: =IF($B17="","",SUM($D17:$E17)) | I17: Settembre
E18: =IF($B18="","",SUMIF($C$43:$C$62,$B18,$D$43:$D$62)) | F18: =IF($B18="","",SUM($D18:$E18)) | I18: Ottobre
E19: =IF($B19="","",SUMIF($C$43:$C$62,$B19,$D$43:$D$62)) | F19: =IF($B19="","",SUM($D19:$E19)) | I19: Novembre
E20: =IF($B20="","",SUMIF($C$43:$C$62,$B20,$D$43:$D$62)) | F20: =IF($B20="","",SUM($D20:$E20)) | I20: Dicembre
E21: =IF($B21="","",SUMIF($C$43:$C$62,$B21,$D$43:$D$62)) | F21: =IF($B21="","",SUM($D21:$E21))
E22: =IF($B22="","",SUMIF($C$43:$C$62,$B22,$D$43:$D$62)) | F22: =IF($B22="","",SUM($D22:$E22)) | I22: Non modificare
E23: =IF($B23="","",SUMIF($C$43:$C$62,$B23,$D$43:$D$62)) | F23: =IF($B23="","",SUM($D23:$E23))
E24: =IF($B24="","",SUMIF($C$43:$C$62,$B24,$D$43:$D$62)) | F24: =IF($B24="","",SUM($D24:$E24))
E25: =IF($B25="","",SUMIF($C$43:$C$62,$B25,$D$43:$D$62)) | F25: =IF($B25="","",SUM($D25:$E25))
E26: =IF($B26="","",SUMIF($C$43:$C$62,$B26,$D$43:$D$62)) | F26: =IF($B26="","",SUM($D26:$E26))
E27: =IF($B27="","",SUMIF($C$43:$C$62,$B27,$D$43:$D$62)) | F27: =IF($B27="","",SUM($D27:$E27))
E28: =IF($B28="","",SUMIF($C$43:$C$62,$B28,$D$43:$D$62)) | F28: =IF($B28="","",SUM($D28:$E28))
E29: =IF($B29="","",SUMIF($C$43:$C$62,$B29,$D$43:$D$62)) | F29: =IF($B29="","",SUM($D29:$E29))
E30: =IF($B30="","",SUMIF($C$43:$C$62,$B30,$D$43:$D$62)) | F30: =IF($B30="","",SUM($D30:$E30))
E31: =IF($B31="","",SUMIF($C$43:$C$62,$B31,$D$43:$D$62)) | F31: =IF($B31="","",SUM($D31:$E31))
E32: =IF($B32="","",SUMIF($C$43:$C$62,$B32,$D$43:$D$62)) | F32: =IF($B32="","",SUM($D32:$E32))
E33: =IF($B33="","",SUMIF($C$43:$C$62,$B33,$D$43:$D$62)) | F33: =IF($B33="","",SUM($D33:$E33))
E34: =IF($B34="","",SUMIF($C$43:$C$62,$B34,$D$43:$D$62)) | F34: =IF($B34="","",SUM($D34:$E34))
... E38: =IF($B38="","",SUMIF($C$43:$C$62,$B38,$D$43:$D$62)) | F38: =IF($B38="","",SUM($D38:$E38))
B40: 2) SPESE FISSE MENSILI
B42: Descrizione | C42: Categoria | D42: Importo mensile (€) | E42: Note
C64: TOTALE SPESE FISSE / MESE | D64: =SUM(D43:D62)

Sheet Budget
A1: BUDGET ANNUALE
A2: Anno | B2: =Impostazioni!$C$4 | C2: Ogni cella riprende il budget mensile delle Impostazioni. Per cambiare un solo mese (es. più regali a dicembre) scrivi il numero sopra la formula.
A4: Categoria | B4: Tipo | C4: Gen | D4: Feb | E4: Mar | F4: Apr | G4: Mag | H4: Giu | I4: Lug | J4: Ago | K4: Set | L4: Ott | M4: Nov | N4: Dic | O4: TOTALE ANNO
A5: =IF(Impostazioni!$B9="","",Impostazioni!$B9) | B5: =IF(Impostazioni!$B9="","",Impostazioni!$C9) | C5: =IF($A5="","",Impostazioni!$F9) | D5: =IF($A5="","",Impostazioni!$F9) | E5: =IF($A5="","",Impostazioni!$F9) | F5: =IF($A5="","",Impostazioni!$F9) | G5: =IF($A5="","",Impostazioni!$F9) | H5: =IF($A5="","",Impostazioni!$F9) | I5: =IF($A5="","",Impostazioni!$F9) | J5: =IF($A5="","",Impostazioni!$F9) | ... N5: =IF($A5="","",Impostazioni!$F9) | O5: =IF($A5="","",SUM(C5:N5))
A6: =IF(Impostazioni!$B10="","",Impostazioni!$B10) | B6: =IF(Impostazioni!$B10="","",Impostazioni!$C10) | C6: =IF($A6="","",Impostazioni!$F10) | D6: =IF($A6="","",Impostazioni!$F10) | E6: =IF($A6="","",Impostazioni!$F10) | F6: =IF($A6="","",Impostazioni!$F10) | G6: =IF($A6="","",Impostazioni!$F10) | H6: =IF($A6="","",Impostazioni!$F10) | I6: =IF($A6="","",Impostazioni!$F10) | J6: =IF($A6="","",Impostazioni!$F10) | ... N6: =IF($A6="","",Impostazioni!$F10) | O6: =IF($A6="","",SUM(C6:N6))
A7: =IF(Impostazioni!$B11="","",Impostazioni!$B11) | B7: =IF(Impostazioni!$B11="","",Impostazioni!$C11) | C7: =IF($A7="","",Impostazioni!$F11) | D7: =IF($A7="","",Impostazioni!$F11) | E7: =IF($A7="","",Impostazioni!$F11) | F7: =IF($A7="","",Impostazioni!$F11) | G7: =IF($A7="","",Impostazioni!$F11) | H7: =IF($A7="","",Impostazioni!$F11) | I7: =IF($A7="","",Impostazioni!$F11) | J7: =IF($A7="","",Impostazioni!$F11) | ... N7: =IF($A7="","",Impostazioni!$F11) | O7: =IF($A7="","",SUM(C7:N7))
A8: =IF(Impostazioni!$B12="","",Impostazioni!$B12) | B8: =IF(Impostazioni!$B12="","",Impostazioni!$C12) | C8: =IF($A8="","",Impostazioni!$F12) | D8: =IF($A8="","",Impostazioni!$F12) | E8: =IF($A8="","",Impostazioni!$F12) | F8: =IF($A8="","",Impostazioni!$F12) | G8: =IF($A8="","",Impostazioni!$F12) | H8: =IF($A8="","",Impostazioni!$F12) | I8: =IF($A8="","",Impostazioni!$F12) | J8: =IF($A8="","",Impostazioni!$F12) | ... N8: =IF($A8="","",Impostazioni!$F12) | O8: =IF($A8="","",SUM(C8:N8))
A9: =IF(Impostazioni!$B13="","",Impostazioni!$B13) | B9: =IF(Impostazioni!$B13="","",Impostazioni!$C13) | C9: =IF($A9="","",Impostazioni!$F13) | D9: =IF($A9="","",Impostazioni!$F13) | E9: =IF($A9="","",Impostazioni!$F13) | F9: =IF($A9="","",Impostazioni!$F13) | G9: =IF($A9="","",Impostazioni!$F13) | H9: =IF($A9="","",Impostazioni!$F13) | I9: =IF($A9="","",Impostazioni!$F13) | J9: =IF($A9="","",Impostazioni!$F13) | ... N9: =IF($A9="","",Impostazioni!$F13) | O9: =IF($A9="","",SUM(C9:N9))
A10: =IF(Impostazioni!$B14="","",Impostazioni!$B14) | B10: =IF(Impostazioni!$B14="","",Impostazioni!$C14) | C10: =IF($A10="","",Impostazioni!$F14) | D10: =IF($A10="","",Impostazioni!$F14) | E10: =IF($A10="","",Impostazioni!$F14) | F10: =IF($A10="","",Impostazioni!$F14) | G10: =IF($A10="","",Impostazioni!$F14) | H10: =IF($A10="","",Impostazioni!$F14) | I10: =IF($A10="","",Impostazioni!$F14) | J10: =IF($A10="","",Impostazioni!$F14) | ... N10: =IF($A10="","",Impostazioni!$F14) | O10: =IF($A10="","",SUM(C10:N10))
A11: =IF(Impostazioni!$B15="","",Impostazioni!$B15) | B11: =IF(Impostazioni!$B15="","",Impostazioni!$C15) | C11: =IF($A11="","",Impostazioni!$F15) | D11: =IF($A11="","",Impostazioni!$F15) | E11: =IF($A11="","",Impostazioni!$F15) | F11: =IF($A11="","",Impostazioni!$F15) | G11: =IF($A11="","",Impostazioni!$F15) | H11: =IF($A11="","",Impostazioni!$F15) | I11: =IF($A11="","",Impostazioni!$F15) | J11: =IF($A11="","",Impostazioni!$F15) | ... N11: =IF($A11="","",Impostazioni!$F15) | O11: =IF($A11="","",SUM(C11:N11))
A12: =IF(Impostazioni!$B16="","",Impostazioni!$B16) | B12: =IF(Impostazioni!$B16="","",Impostazioni!$C16) | C12: =IF($A12="","",Impostazioni!$F16) | D12: =IF($A12="","",Impostazioni!$F16) | E12: =IF($A12="","",Impostazioni!$F16) | F12: =IF($A12="","",Impostazioni!$F16) | G12: =IF($A12="","",Impostazioni!$F16) | H12: =IF($A12="","",Impostazioni!$F16) | I12: =IF($A12="","",Impostazioni!$F16) | J12: =IF($A12="","",Impostazioni!$F16) | ... N12: =IF($A12="","",Impostazioni!$F16) | O12: =IF($A12="","",SUM(C12:N12))
A13: =IF(Impostazioni!$B17="","",Impostazioni!$B17) | B13: =IF(Impostazioni!$B17="","",Impostazioni!$C17) | C13: =IF($A13="","",Impostazioni!$F17) | D13: =IF($A13="","",Impostazioni!$F17) | E13: =IF($A13="","",Impostazioni!$F17) | F13: =IF($A13="","",Impostazioni!$F17) | G13: =IF($A13="","",Impostazioni!$F17) | H13: =IF($A13="","",Impostazioni!$F17) | I13: =IF($A13="","",Impostazioni!$F17) | J13: =IF($A13="","",Impostazioni!$F17) | ... N13: =IF($A13="","",Impostazioni!$F17) | O13: =IF($A13="","",SUM(C13:N13))
A14: =IF(Impostazioni!$B18="","",Impostazioni!$B18) | B14: =IF(Impostazioni!$B18="","",Impostazioni!$C18) | C14: =IF($A14="","",Impostazioni!$F18) | D14: =IF($A14="","",Impostazioni!$F18) | E14: =IF($A14="","",Impostazioni!$F18) | F14: =IF($A14="","",Impostazioni!$F18) | G14: =IF($A14="","",Impostazioni!$F18) | H14: =IF($A14="","",Impostazioni!$F18) | I14: =IF($A14="","",Impostazioni!$F18) | J14: =IF($A14="","",Impostazioni!$F18) | ... N14: =IF($A14="","",Impostazioni!$F18) | O14: =IF($A14="","",SUM(C14:N14))
A15: =IF(Impostazioni!$B19="","",Impostazioni!$B19) | B15: =IF(Impostazioni!$B19="","",Impostazioni!$C19) | C15: =IF($A15="","",Impostazioni!$F19) | D15: =IF($A15="","",Impostazioni!$F19) | E15: =IF($A15="","",Impostazioni!$F19) | F15: =IF($A15="","",Impostazioni!$F19) | G15: =IF($A15="","",Impostazioni!$F19) | H15: =IF($A15="","",Impostazioni!$F19) | I15: =IF($A15="","",Impostazioni!$F19) | J15: =IF($A15="","",Impostazioni!$F19) | ... N15: =IF($A15="","",Impostazioni!$F19) | O15: =IF($A15="","",SUM(C15:N15))
A16: =IF(Impostazioni!$B20="","",Impostazioni!$B20) | B16: =IF(Impostazioni!$B20="","",Impostazioni!$C20) | C16: =IF($A16="","",Impostazioni!$F20) | D16: =IF($A16="","",Impostazioni!$F20) | E16: =IF($A16="","",Impostazioni!$F20) | F16: =IF($A16="","",Impostazioni!$F20) | G16: =IF($A16="","",Impostazioni!$F20) | H16: =IF($A16="","",Impostazioni!$F20) | I16: =IF($A16="","",Impostazioni!$F20) | J16: =IF($A16="","",Impostazioni!$F20) | ... N16: =IF($A16="","",Impostazioni!$F20) | O16: =IF($A16="","",SUM(C16:N16))
... A34: =IF(Impostazioni!$B38="","",Impostazioni!$B38) | B34: =IF(Impostazioni!$B38="","",Impostazioni!$C38) | C34: =IF($A34="","",Impostazioni!$F38) | D34: =IF($A34="","",Impostazioni!$F38) | E34: =IF($A34="","",Impostazioni!$F38) | F34: =IF($A34="","",Impostazioni!$F38) | G34: =IF($A34="","",Impostazioni!$F38) | H34: =IF($A34="","",Impostazioni!$F38) | I34: =IF($A34="","",Impostazioni!$F38) | J34: =IF($A34="","",Impostazioni!$F38) | ... N34: =IF($A34="","",Impostazioni!$F38) | O34: =IF($A34="","",SUM(C34:N34))
A36: TOTALE ENTRATE | C36: =SUMIF($B$5:$B$34,"Entrata",C$5:C$34) | D36: =SUMIF($B$5:$B$34,"Entrata",D$5:D$34) | E36: =SUMIF($B$5:$B$34,"Entrata",E$5:E$34) | F36: =SUMIF($B$5:$B$34,"Entrata",F$5:F$34) | G36: =SUMIF($B$5:$B$34,"Entrata",G$5:G$34) | H36: =SUMIF($B$5:$B$34,"Entrata",H$5:H$34) | I36: =SUMIF($B$5:$B$34,"Entrata",I$5:I$34) | J36: =SUMIF($B$5:$B$34,"Entrata",J$5:J$34) | ... N36: =SUMIF($B$5:$B$34,"Entrata",N$5:N$34) | O36: =SUM(C36:N36)
A37: TOTALE USCITE | C37: =SUMIF($B$5:$B$34,"Spesa",C$5:C$34) | D37: =SUMIF($B$5:$B$34,"Spesa",D$5:D$34) | E37: =SUMIF($B$5:$B$34,"Spesa",E$5:E$34) | F37: =SUMIF($B$5:$B$34,"Spesa",F$5:F$34) | G37: =SUMIF($B$5:$B$34,"Spesa",G$5:G$34) | H37: =SUMIF($B$5:$B$34,"Spesa",H$5:H$34) | I37: =SUMIF($B$5:$B$34,"Spesa",I$5:I$34) | J37: =SUMIF($B$5:$B$34,"Spesa",J$5:J$34) | ... N37: =SUMIF($B$5:$B$34,"Spesa",N$5:N$34) | O37: =SUM(C37:N37)
A38: RISPARMIO PREVISTO | C38: =C36-C37 | D38: =D36-D37 | E38: =E36-E37 | F38: =F36-F37 | G38: =G36-G37 | H38: =H36-H37 | I38: =I36-I37 | J38: =J36-J37 | ... N38: =N36-N37 | O38: =SUM(C38:N38)

Sheet Riepilogo
B2: RIEPILOGO MENSILE — budget vs effettivo
B4: Mese | C4: Ottobre | D4: ← scegli il mese dal menù a tendina | F4: n. mese (auto) | G4: =MATCH($C$4,Mesi,0)
B5: Anno | C5: =Impostazioni!$C$4
B7: Entrate previste | C7: Entrate effettive | D7: Uscite previste | E7: Uscite effettive | F7: Risparmio previsto | G7: Risparmio effettivo | H7: Tasso di risparmio
B8: =SUMIF($C$11:$C$40,"Entrata",$D$11:$D$40) | C8: =SUMIF($C$11:$C$40,"Entrata",$E$11:$E$40) | D8: =SUMIF($C$11:$C$40,"Spesa",$D$11:$D$40) | E8: =SUMIF($C$11:$C$40,"Spesa",$E$11:$E$40) | F8: =B8-D8 | G8: =C8-E8 | H8: =IF(C8=0,"",G8/C8)
B10: Categoria | C10: Tipo | D10: Budget (€) | E10: Effettivo (€) | F10: Scostamento (€) | G10: % utilizzo | H10: Stato
B11: =IF(Budget!$A5="","",Budget!$A5) | C11: =IF(Budget!$A5="","",Budget!$B5) | D11: =IF($B11="","",INDEX(Budget!$C$5:$N$34,1,$G$4)) | E11: =IF($B11="","",SUMIFS(Movimenti!$E$5:$E$5000,Movimenti!$C$5:$C$5000,$B11,Movimenti!$F$5:$F$5000,$G$4,Movimenti!$G$5:$G$5000,$C$5)) | F11: =IF($B11="","",IF($C11="Entrata",$E11-$D11,$D11-$E11)) | G11: =IF(OR($B11="",$D11=0),"",$E11/$D11) | H11: =IF($B11="","",IF(AND($D11=0,$E11=0),"—",IF($F11<0,IF($C11="Entrata","Sotto le attese","Sforato"),IF(AND($C11="Spesa",$D11>0,$E11/$D11>=0.9),"Attenzione","OK"))))
B12: =IF(Budget!$A6="","",Budget!$A6) | C12: =IF(Budget!$A6="","",Budget!$B6) | D12: =IF($B12="","",INDEX(Budget!$C$5:$N$34,2,$G$4)) | E12: =IF($B12="","",SUMIFS(Movimenti!$E$5:$E$5000,Movimenti!$C$5:$C$5000,$B12,Movimenti!$F$5:$F$5000,$G$4,Movimenti!$G$5:$G$5000,$C$5)) | F12: =IF($B12="","",IF($C12="Entrata",$E12-$D12,$D12-$E12)) | G12: =IF(OR($B12="",$D12=0),"",$E12/$D12) | H12: =IF($B12="","",IF(AND($D12=0,$E12=0),"—",IF($F12<0,IF($C12="Entrata","Sotto le attese","Sforato"),IF(AND($C12="Spesa",$D12>0,$E12/$D12>=0.9),"Attenzione","OK"))))
B13: =IF(Budget!$A7="","",Budget!$A7) | C13: =IF(Budget!$A7="","",Budget!$B7) | D13: =IF($B13="","",INDEX(Budget!$C$5:$N$34,3,$G$4)) | E13: =IF($B13="","",SUMIFS(Movimenti!$E$5:$E$5000,Movimenti!$C$5:$C$5000,$B13,Movimenti!$F$5:$F$5000,$G$4,Movimenti!$G$5:$G$5000,$C$5)) | F13: =IF($B13="","",IF($C13="Entrata",$E13-$D13,$D13-$E13)) | G13: =IF(OR($B13="",$D13=0),"",$E13/$D13) | H13: =IF($B13="","",IF(AND($D13=0,$E13=0),"—",IF($F13<0,IF($C13="Entrata","Sotto le attese","Sforato"),IF(AND($C13="Spesa",$D13>0,$E13/$D13>=0.9),"Attenzione","OK"))))
B14: =IF(Budget!$A8="","",Budget!$A8) | C14: =IF(Budget!$A8="","",Budget!$B8) | D14: =IF($B14="","",INDEX(Budget!$C$5:$N$34,4,$G$4)) | E14: =IF($B14="","",SUMIFS(Movimenti!$E$5:$E$5000,Movimenti!$C$5:$C$5000,$B14,Movimenti!$F$5:$F$5000,$G$4,Movimenti!$G$5:$G$5000,$C$5)) | F14: =IF($B14="","",IF($C14="Entrata",$E14-$D14,$D14-$E14)) | G14: =IF(OR($B14="",$D14=0),"",$E14/$D14) | H14: =IF($B14="","",IF(AND($D14=0,$E14=0),"—",IF($F14<0,IF($C14="Entrata","Sotto le attese","Sforato"),IF(AND($C14="Spesa",$D14>0,$E14/$D14>=0.9),"Attenzione","OK"))))
B15: =IF(Budget!$A9="","",Budget!$A9) | C15: =IF(Budget!$A9="","",Budget!$B9) | D15: =IF($B15="","",INDEX(Budget!$C$5:$N$34,5,$G$4)) | E15: =IF($B15="","",SUMIFS(Movimenti!$E$5:$E$5000,Movimenti!$C$5:$C$5000,$B15,Movimenti!$F$5:$F$5000,$G$4,Movimenti!$G$5:$G$5000,$C$5)) | F15: =IF($B15="","",IF($C15="Entrata",$E15-$D15,$D15-$E15)) | G15: =IF(OR($B15="",$D15=0),"",$E15/$D15) | H15: =IF($B15="","",IF(AND($D15=0,$E15=0),"—",IF($F15<0,IF($C15="Entrata","Sotto le attese","Sforato"),IF(AND($C15="Spesa",$D15>0,$E15/$D15>=0.9),"Attenzione","OK"))))
B16: =IF(Budget!$A10="","",Budget!$A10) | C16: =IF(Budget!$A10="","",Budget!$B10) | D16: =IF($B16="","",INDEX(Budget!$C$5:$N$34,6,$G$4)) | E16: =IF($B16="","",SUMIFS(Movimenti!$E$5:$E$5000,Movimenti!$C$5:$C$5000,$B16,Movimenti!$F$5:$F$5000,$G$4,Movimenti!$G$5:$G$5000,$C$5)) | F16: =IF($B16="","",IF($C16="Entrata",$E16-$D16,$D16-$E16)) | G16: =IF(OR($B16="",$D16=0),"",$E16/$D16) | H16: =IF($B16="","",IF(AND($D16=0,$E16=0),"—",IF($F16<0,IF($C16="Entrata","Sotto le attese","Sforato"),IF(AND($C16="Spesa",$D16>0,$E16/$D16>=0.9),"Attenzione","OK"))))
B17: =IF(Budget!$A11="","",Budget!$A11) | C17: =IF(Budget!$A11="","",Budget!$B11) | D17: =IF($B17="","",INDEX(Budget!$C$5:$N$34,7,$G$4)) | E17: =IF($B17="","",SUMIFS(Movimenti!$E$5:$E$5000,Movimenti!$C$5:$C$5000,$B17,Movimenti!$F$5:$F$5000,$G$4,Movimenti!$G$5:$G$5000,$C$5)) | F17: =IF($B17="","",IF($C17="Entrata",$E17-$D17,$D17-$E17)) | G17: =IF(OR($B17="",$D17=0),"",$E17/$D17) | H17: =IF($B17="","",IF(AND($D17=0,$E17=0),"—",IF($F17<0,IF($C17="Entrata","Sotto le attese","Sforato"),IF(AND($C17="Spesa",$D17>0,$E17/$D17>=0.9),"Attenzione","OK"))))
B18: =IF(Budget!$A12="","",Budget!$A12) | C18: =IF(Budget!$A12="","",Budget!$B12) | D18: =IF($B18="","",INDEX(Budget!$C$5:$N$34,8,$G$4)) | E18: =IF($B18="","",SUMIFS(Movimenti!$E$5:$E$5000,Movimenti!$C$5:$C$5000,$B18,Movimenti!$F$5:$F$5000,$G$4,Movimenti!$G$5:$G$5000,$C$5)) | F18: =IF($B18="","",IF($C18="Entrata",$E18-$D18,$D18-$E18)) | G18: =IF(OR($B18="",$D18=0),"",$E18/$D18) | H18: =IF($B18="","",IF(AND($D18=0,$E18=0),"—",IF($F18<0,IF($C18="Entrata","Sotto le attese","Sforato"),IF(AND($C18="Spesa",$D18>0,$E18/$D18>=0.9),"Attenzione","OK"))))
B19: =IF(Budget!$A13="","",Budget!$A13) | C19: =IF(Budget!$A13="","",Budget!$B13) | D19: =IF($B19="","",INDEX(Budget!$C$5:$N$34,9,$G$4)) | E19: =IF($B19="","",SUMIFS(Movimenti!$E$5:$E$5000,Movimenti!$C$5:$C$5000,$B19,Movimenti!$F$5:$F$5000,$G$4,Movimenti!$G$5:$G$5000,$C$5)) | F19: =IF($B19="","",IF($C19="Entrata",$E19-$D19,$D19-$E19)) | G19: =IF(OR($B19="",$D19=0),"",$E19/$D19) | H19: =IF($B19="","",IF(AND($D19=0,$E19=0),"—",IF($F19<0,IF($C19="Entrata","Sotto le attese","Sforato"),IF(AND($C19="Spesa",$D19>0,$E19/$D19>=0.9),"Attenzione","OK"))))
B20: =IF(Budget!$A14="","",Budget!$A14) | C20: =IF(Budget!$A14="","",Budget!$B14) | D20: =IF($B20="","",INDEX(Budget!$C$5:$N$34,10,$G$4)) | E20: =IF($B20="","",SUMIFS(Movimenti!$E$5:$E$5000,Movimenti!$C$5:$C$5000,$B20,Movimenti!$F$5:$F$5000,$G$4,Movimenti!$G$5:$G$5000,$C$5)) | F20: =IF($B20="","",IF($C20="Entrata",$E20-$D20,$D20-$E20)) | G20: =IF(OR($B20="",$D20=0),"",$E20/$D20) | H20: =IF($B20="","",IF(AND($D20=0,$E20=0),"—",IF($F20<0,IF($C20="Entrata","Sotto le attese","Sforato"),IF(AND($C20="Spesa",$D20>0,$E20/$D20>=0.9),"Attenzione","OK"))))
B21: =IF(Budget!$A15="","",Budget!$A15) | C21: =IF(Budget!$A15="","",Budget!$B15) | D21: =IF($B21="","",INDEX(Budget!$C$5:$N$34,11,$G$4)) | E21: =IF($B21="","",SUMIFS(Movimenti!$E$5:$E$5000,Movimenti!$C$5:$C$5000,$B21,Movimenti!$F$5:$F$5000,$G$4,Movimenti!$G$5:$G$5000,$C$5)) | F21: =IF($B21="","",IF($C21="Entrata",$E21-$D21,$D21-$E21)) | G21: =IF(OR($B21="",$D21=0),"",$E21/$D21) | H21: =IF($B21="","",IF(AND($D21=0,$E21=0),"—",IF($F21<0,IF($C21="Entrata","Sotto le attese","Sforato"),IF(AND($C21="Spesa",$D21>0,$E21/$D21>=0.9),"Attenzione","OK"))))
B22: =IF(Budget!$A16="","",Budget!$A16) | C22: =IF(Budget!$A16="","",Budget!$B16) | D22: =IF($B22="","",INDEX(Budget!$C$5:$N$34,12,$G$4)) | E22: =IF($B22="","",SUMIFS(Movimenti!$E$5:$E$5000,Movimenti!$C$5:$C$5000,$B22,Movimenti!$F$5:$F$5000,$G$4,Movimenti!$G$5:$G$5000,$C$5)) | F22: =IF($B22="","",IF($C22="Entrata",$E22-$D22,$D22-$E22)) | G22: =IF(OR($B22="",$D22=0),"",$E22/$D22) | H22: =IF($B22="","",IF(AND($D22=0,$E22=0),"—",IF($F22<0,IF($C22="Entrata","Sotto le attese","Sforato"),IF(AND($C22="Spesa",$D22>0,$E22/$D22>=0.9),"Attenzione","OK"))))
B23: =IF(Budget!$A17="","",Budget!$A17) | C23: =IF(Budget!$A17="","",Budget!$B17) | D23: =IF($B23="","",INDEX(Budget!$C$5:$N$34,13,$G$4)) | E23: =IF($B23="","",SUMIFS(Movimenti!$E$5:$E$5000,Movimenti!$C$5:$C$5000,$B23,Movimenti!$F$5:$F$5000,$G$4,Movimenti!$G$5:$G$5000,$C$5)) | F23: =IF($B23="","",IF($C23="Entrata",$E23-$D23,$D23-$E23)) | G23: =IF(OR($B23="",$D23=0),"",$E23/$D23) | H23: =IF($B23="","",IF(AND($D23=0,$E23=0),"—",IF($F23<0,IF($C23="Entrata","Sotto le attese","Sforato"),IF(AND($C23="Spesa",$D23>0,$E23/$D23>=0.9),"Attenzione","OK"))))
B24: =IF(Budget!$A18="","",Budget!$A18) | C24: =IF(Budget!$A18="","",Budget!$B18) | D24: =IF($B24="","",INDEX(Budget!$C$5:$N$34,14,$G$4)) | E24: =IF($B24="","",SUMIFS(Movimenti!$E$5:$E$5000,Movimenti!$C$5:$C$5000,$B24,Movimenti!$F$5:$F$5000,$G$4,Movimenti!$G$5:$G$5000,$C$5)) | F24: =IF($B24="","",IF($C24="Entrata",$E24-$D24,$D24-$E24)) | G24: =IF(OR($B24="",$D24=0),"",$E24/$D24) | H24: =IF($B24="","",IF(AND($D24=0,$E24=0),"—",IF($F24<0,IF($C24="Entrata","Sotto le attese","Sforato"),IF(AND($C24="Spesa",$D24>0,$E24/$D24>=0.9),"Attenzione","OK"))))
B25: =IF(Budget!$A19="","",Budget!$A19) | C25: =IF(Budget!$A19="","",Budget!$B19) | D25: =IF($B25="","",INDEX(Budget!$C$5:$N$34,15,$G$4)) | E25: =IF($B25="","",SUMIFS(Movimenti!$E$5:$E$5000,Movimenti!$C$5:$C$5000,$B25,Movimenti!$F$5:$F$5000,$G$4,Movimenti!$G$5:$G$5000,$C$5)) | F25: =IF($B25="","",IF($C25="Entrata",$E25-$D25,$D25-$E25)) | G25: =IF(OR($B25="",$D25=0),"",$E25/$D25) | H25: =IF($B25="","",IF(AND($D25=0,$E25=0),"—",IF($F25<0,IF($C25="Entrata","Sotto le attese","Sforato"),IF(AND($C25="Spesa",$D25>0,$E25/$D25>=0.9),"Attenzione","OK"))))
B26: =IF(Budget!$A20="","",Budget!$A20) | C26: =IF(Budget!$A20="","",Budget!$B20) | D26: =IF($B26="","",INDEX(Budget!$C$5:$N$34,16,$G$4)) | E26: =IF($B26="","",SUMIFS(Movimenti!$E$5:$E$5000,Movimenti!$C$5:$C$5000,$B26,Movimenti!$F$5:$F$5000,$G$4,Movimenti!$G$5:$G$5000,$C$5)) | F26: =IF($B26="","",IF($C26="Entrata",$E26-$D26,$D26-$E26)) | G26: =IF(OR($B26="",$D26=0),"",$E26/$D26) | H26: =IF($B26="","",IF(AND($D26=0,$E26=0),"—",IF($F26<0,IF($C26="Entrata","Sotto le attese","Sforato"),IF(AND($C26="Spesa",$D26>0,$E26/$D26>=0.9),"Attenzione","OK"))))
B27: =IF(Budget!$A21="","",Budget!$A21) | C27: =IF(Budget!$A21="","",Budget!$B21) | D27: =IF($B27="","",INDEX(Budget!$C$5:$N$34,17,$G$4)) | E27: =IF($B27="","",SUMIFS(Movimenti!$E$5:$E$5000,Movimenti!$C$5:$C$5000,$B27,Movimenti!$F$5:$F$5000,$G$4,Movimenti!$G$5:$G$5000,$C$5)) | F27: =IF($B27="","",IF($C27="Entrata",$E27-$D27,$D27-$E27)) | G27: =IF(OR($B27="",$D27=0),"",$E27/$D27) | H27: =IF($B27="","",IF(AND($D27=0,$E27=0),"—",IF($F27<0,IF($C27="Entrata","Sotto le attese","Sforato"),IF(AND($C27="Spesa",$D27>0,$E27/$D27>=0.9),"Attenzione","OK"))))
B28: =IF(Budget!$A22="","",Budget!$A22) | C28: =IF(Budget!$A22="","",Budget!$B22) | D28: =IF($B28="","",INDEX(Budget!$C$5:$N$34,18,$G$4)) | E28: =IF($B28="","",SUMIFS(Movimenti!$E$5:$E$5000,Movimenti!$C$5:$C$5000,$B28,Movimenti!$F$5:$F$5000,$G$4,Movimenti!$G$5:$G$5000,$C$5)) | F28: =IF($B28="","",IF($C28="Entrata",$E28-$D28,$D28-$E28)) | G28: =IF(OR($B28="",$D28=0),"",$E28/$D28) | H28: =IF($B28="","",IF(AND($D28=0,$E28=0),"—",IF($F28<0,IF($C28="Entrata","Sotto le attese","Sforato"),IF(AND($C28="Spesa",$D28>0,$E28/$D28>=0.9),"Attenzione","OK"))))
B29: =IF(Budget!$A23="","",Budget!$A23) | C29: =IF(Budget!$A23="","",Budget!$B23) | D29: =IF($B29="","",INDEX(Budget!$C$5:$N$34,19,$G$4)) | E29: =IF($B29="","",SUMIFS(Movimenti!$E$5:$E$5000,Movimenti!$C$5:$C$5000,$B29,Movimenti!$F$5:$F$5000,$G$4,Movimenti!$G$5:$G$5000,$C$5)) | F29: =IF($B29="","",IF($C29="Entrata",$E29-$D29,$D29-$E29)) | G29: =IF(OR($B29="",$D29=0),"",$E29/$D29) | H29: =IF($B29="","",IF(AND($D29=0,$E29=0),"—",IF($F29<0,IF($C29="Entrata","Sotto le attese","Sforato"),IF(AND($C29="Spesa",$D29>0,$E29/$D29>=0.9),"Attenzione","OK"))))
B30: =IF(Budget!$A24="","",Budget!$A24) | C30: =IF(Budget!$A24="","",Budget!$B24) | D30: =IF($B30="","",INDEX(Budget!$C$5:$N$34,20,$G$4)) | E30: =IF($B30="","",SUMIFS(Movimenti!$E$5:$E$5000,Movimenti!$C$5:$C$5000,$B30,Movimenti!$F$5:$F$5000,$G$4,Movimenti!$G$5:$G$5000,$C$5)) | F30: =IF($B30="","",IF($C30="Entrata",$E30-$D30,$D30-$E30)) | G30: =IF(OR($B30="",$D30=0),"",$E30/$D30) | H30: =IF($B30="","",IF(AND($D30=0,$E30=0),"—",IF($F30<0,IF($C30="Entrata","Sotto le attese","Sforato"),IF(AND($C30="Spesa",$D30>0,$E30/$D30>=0.9),"Attenzione","OK"))))
B31: =IF(Budget!$A25="","",Budget!$A25) | C31: =IF(Budget!$A25="","",Budget!$B25) | D31: =IF($B31="","",INDEX(Budget!$C$5:$N$34,21,$G$4)) | E31: =IF($B31="","",SUMIFS(Movimenti!$E$5:$E$5000,Movimenti!$C$5:$C$5000,$B31,Movimenti!$F$5:$F$5000,$G$4,Movimenti!$G$5:$G$5000,$C$5)) | F31: =IF($B31="","",IF($C31="Entrata",$E31-$D31,$D31-$E31)) | G31: =IF(OR($B31="",$D31=0),"",$E31/$D31) | H31: =IF($B31="","",IF(AND($D31=0,$E31=0),"—",IF($F31<0,IF($C31="Entrata","Sotto le attese","Sforato"),IF(AND($C31="Spesa",$D31>0,$E31/$D31>=0.9),"Attenzione","OK"))))
B32: =IF(Budget!$A26="","",Budget!$A26) | C32: =IF(Budget!$A26="","",Budget!$B26) | D32: =IF($B32="","",INDEX(Budget!$C$5:$N$34,22,$G$4)) | E32: =IF($B32="","",SUMIFS(Movimenti!$E$5:$E$5000,Movimenti!$C$5:$C$5000,$B32,Movimenti!$F$5:$F$5000,$G$4,Movimenti!$G$5:$G$5000,$C$5)) | F32: =IF($B32="","",IF($C32="Entrata",$E32-$D32,$D32-$E32)) | G32: =IF(OR($B32="",$D32=0),"",$E32/$D32) | H32: =IF($B32="","",IF(AND($D32=0,$E32=0),"—",IF($F32<0,IF($C32="Entrata","Sotto le attese","Sforato"),IF(AND($C32="Spesa",$D32>0,$E32/$D32>=0.9),"Attenzione","OK"))))
B33: =IF(Budget!$A27="","",Budget!$A27) | C33: =IF(Budget!$A27="","",Budget!$B27) | D33: =IF($B33="","",INDEX(Budget!$C$5:$N$34,23,$G$4)) | E33: =IF($B33="","",SUMIFS(Movimenti!$E$5:$E$5000,Movimenti!$C$5:$C$5000,$B33,Movimenti!$F$5:$F$5000,$G$4,Movimenti!$G$5:$G$5000,$C$5)) | F33: =IF($B33="","",IF($C33="Entrata",$E33-$D33,$D33-$E33)) | G33: =IF(OR($B33="",$D33=0),"",$E33/$D33) | H33: =IF($B33="","",IF(AND($D33=0,$E33=0),"—",IF($F33<0,IF($C33="Entrata","Sotto le attese","Sforato"),IF(AND($C33="Spesa",$D33>0,$E33/$D33>=0.9),"Attenzione","OK"))))
B34: =IF(Budget!$A28="","",Budget!$A28) | C34: =IF(Budget!$A28="","",Budget!$B28) | D34: =IF($B34="","",INDEX(Budget!$C$5:$N$34,24,$G$4)) | E34: =IF($B34="","",SUMIFS(Movimenti!$E$5:$E$5000,Movimenti!$C$5:$C$5000,$B34,Movimenti!$F$5:$F$5000,$G$4,Movimenti!$G$5:$G$5000,$C$5)) | F34: =IF($B34="","",IF($C34="Entrata",$E34-$D34,$D34-$E34)) | G34: =IF(OR($B34="",$D34=0),"",$E34/$D34) | H34: =IF($B34="","",IF(AND($D34=0,$E34=0),"—",IF($F34<0,IF($C34="Entrata","Sotto le attese","Sforato"),IF(AND($C34="Spesa",$D34>0,$E34/$D34>=0.9),"Attenzione","OK"))))
B35: =IF(Budget!$A29="","",Budget!$A29) | C35: =IF(Budget!$A29="","",Budget!$B29) | D35: =IF($B35="","",INDEX(Budget!$C$5:$N$34,25,$G$4)) | E35: =IF($B35="","",SUMIFS(Movimenti!$E$5:$E$5000,Movimenti!$C$5:$C$5000,$B35,Movimenti!$F$5:$F$5000,$G$4,Movimenti!$G$5:$G$5000,$C$5)) | F35: =IF($B35="","",IF($C35="Entrata",$E35-$D35,$D35-$E35)) | G35: =IF(OR($B35="",$D35=0),"",$E35/$D35) | H35: =IF($B35="","",IF(AND($D35=0,$E35=0),"—",IF($F35<0,IF($C35="Entrata","Sotto le attese","Sforato"),IF(AND($C35="Spesa",$D35>0,$E35/$D35>=0.9),"Attenzione","OK"))))
B36: =IF(Budget!$A30="","",Budget!$A30) | C36: =IF(Budget!$A30="","",Budget!$B30) | D36: =IF($B36="","",INDEX(Budget!$C$5:$N$34,26,$G$4)) | E36: =IF($B36="","",SUMIFS(Movimenti!$E$5:$E$5000,Movimenti!$C$5:$C$5000,$B36,Movimenti!$F$5:$F$5000,$G$4,Movimenti!$G$5:$G$5000,$C$5)) | F36: =IF($B36="","",IF($C36="Entrata",$E36-$D36,$D36-$E36)) | G36: =IF(OR($B36="",$D36=0),"",$E36/$D36) | H36: =IF($B36="","",IF(AND($D36=0,$E36=0),"—",IF($F36<0,IF($C36="Entrata","Sotto le attese","Sforato"),IF(AND($C36="Spesa",$D36>0,$E36/$D36>=0.9),"Attenzione","OK"))))
B37: =IF(Budget!$A31="","",Budget!$A31) | C37: =IF(Budget!$A31="","",Budget!$B31) | D37: =IF($B37="","",INDEX(Budget!$C$5:$N$34,27,$G$4)) | E37: =IF($B37="","",SUMIFS(Movimenti!$E$5:$E$5000,Movimenti!$C$5:$C$5000,$B37,Movimenti!$F$5:$F$5000,$G$4,Movimenti!$G$5:$G$5000,$C$5)) | F37: =IF($B37="","",IF($C37="Entrata",$E37-$D37,$D37-$E37)) | G37: =IF(OR($B37="",$D37=0),"",$E37/$D37) | H37: =IF($B37="","",IF(AND($D37=0,$E37=0),"—",IF($F37<0,IF($C37="Entrata","Sotto le attese","Sforato"),IF(AND($C37="Spesa",$D37>0,$E37/$D37>=0.9),"Attenzione","OK"))))
B38: =IF(Budget!$A32="","",Budget!$A32) | C38: =IF(Budget!$A32="","",Budget!$B32) | D38: =IF($B38="","",INDEX(Budget!$C$5:$N$34,28,$G$4)) | E38: =IF($B38="","",SUMIFS(Movimenti!$E$5:$E$5000,Movimenti!$C$5:$C$5000,$B38,Movimenti!$F$5:$F$5000,$G$4,Movimenti!$G$5:$G$5000,$C$5)) | F38: =IF($B38="","",IF($C38="Entrata",$E38-$D38,$D38-$E38)) | G38: =IF(OR($B38="",$D38=0),"",$E38/$D38) | H38: =IF($B38="","",IF(AND($D38=0,$E38=0),"—",IF($F38<0,IF($C38="Entrata","Sotto le attese","Sforato"),IF(AND($C38="Spesa",$D38>0,$E38/$D38>=0.9),"Attenzione","OK"))))
B39: =IF(Budget!$A33="","",Budget!$A33) | C39: =IF(Budget!$A33="","",Budget!$B33) | D39: =IF($B39="","",INDEX(Budget!$C$5:$N$34,29,$G$4)) | E39: =IF($B39="","",SUMIFS(Movimenti!$E$5:$E$5000,Movimenti!$C$5:$C$5000,$B39,Movimenti!$F$5:$F$5000,$G$4,Movimenti!$G$5:$G$5000,$C$5)) | F39: =IF($B39="","",IF($C39="Entrata",$E39-$D39,$D39-$E39)) | G39: =IF(OR($B39="",$D39=0),"",$E39/$D39) | H39: =IF($B39="","",IF(AND($D39=0,$E39=0),"—",IF($F39<0,IF($C39="Entrata","Sotto le attese","Sforato"),IF(AND($C39="Spesa",$D39>0,$E39/$D39>=0.9),"Attenzione","OK"))))
B40: =IF(Budget!$A34="","",Budget!$A34) | C40: =IF(Budget!$A34="","",Budget!$B34) | D40: =IF($B40="","",INDEX(Budget!$C$5:$N$34,30,$G$4)) | E40: =IF($B40="","",SUMIFS(Movimenti!$E$5:$E$5000,Movimenti!$C$5:$C$5000,$B40,Movimenti!$F$5:$F$5000,$G$4,Movimenti!$G$5:$G$5000,$C$5)) | F40: =IF($B40="","",IF($C40="Entrata",$E40-$D40,$D40-$E40)) | G40: =IF(OR($B40="",$D40=0),"",$E40/$D40) | H40: =IF($B40="","",IF(AND($D40=0,$E40=0),"—",IF($F40<0,IF($C40="Entrata","Sotto le attese","Sforato"),IF(AND($C40="Spesa",$D40>0,$E40/$D40>=0.9),"Attenzione","OK"))))
B41: TOTALE USCITE | D41: =SUMIF($C$11:$C$40,"Spesa",$D$11:$D$40) | E41: =SUMIF($C$11:$C$40,"Spesa",$E$11:$E$40) | F41: =$D41-$E41 | G41: =IF($D41=0,"",$E41/$D41)

Sheet Istruzioni
B2: BUDGET PERSONALE — Actual vs Forecast
B4: COME FUNZIONA
B5: 1. Impostazioni | C5: Il punto di partenza. Qui definisci l'anno, le tue categorie con il budget mensile e l'elenco delle spese fisse ricorrenti. Tutto il resto del file si aggiorna da solo.
B6: 2. Movimenti | C6: Il foglio da aggiornare ogni giorno (anche dal telefono). Una riga per ogni spesa o entrata: data, categoria, descrizione, importo. Nient'altro da fare.
B7: 3. Budget | C7: Il tuo forecast: budget per categoria per ognuno dei 12 mesi. È già precompilato con i valori delle Impostazioni; puoi sovrascrivere un singolo mese (es. dicembre con più regali) scrivendoci sopra.
B8: 4. Riepilogo | C8: Il check mensile: scegli il mese dal menù a tendina e vedi budget vs speso effettivo per ogni categoria, con scostamento e semaforo.
B9: 5. Annuale | C9: Vista d'insieme dei 12 mesi: entrate, uscite e risparmio, previsti ed effettivi, con grafico.
B11: REGOLE D'ORO (poche ma importanti)
B12: Importi sempre positivi | C12: Non usare il segno meno. Il file capisce da solo se è un'entrata o un'uscita in base al Tipo della categoria.
B13: Usa il menù a tendina | C13: Nella colonna Categoria scegli sempre dall'elenco: se scrivi a mano un nome diverso, quella spesa non finisce in nessun budget.
B14: Nuova categoria? | C14: Aggiungila nel foglio Impostazioni (nelle righe vuote sotto le altre) e comparirà automaticamente ovunque.
B15: Controllo rapido | C15: Nel foglio Movimenti la colonna Tipo si colora di rosso se hai scritto una categoria che non esiste nelle Impostazioni.
B17: LEGENDA COLORI
B18: Celle crema | C18: Sono le uniche celle che devi compilare tu.
B19: Testo ambra | C19: Valore inserito a mano (modificabile).
B20: Testo scuro | C20: Formula automatica: meglio non toccarla.
B21: Sfondo sabbia | C21: Colonne di servizio calcolate in automatico (mese, anno, tipo).
B23: AGGIORNARLO DAL TELEFONO
B24: Come fare | C24: Salva il file su OneDrive (o Google Drive) e aprilo con l'app Excel dal telefono: le tendine, le formule e il riepilogo funzionano allo stesso modo.
B25: Consiglio pratico | C25: Sul telefono vai direttamente sul foglio Movimenti, tocca la prima riga vuota e inserisci solo le 4 colonne bianche (Data, Categoria, Descrizione, Importo). 15 secondi a spesa.
B26: Alternativa | C26: Se preferisci, carica il file su Google Drive e aprilo con Google Fogli: le formule usate qui sono tutte compatibili.
B28: IL CHECK DI FINE MESE
B29: In 5 minuti | C29: Apri Riepilogo, seleziona il mese, guarda la colonna Scostamento: valori negativi (rossi) = hai speso più del budget. Poi decidi se tagliare la spesa o alzare il budget del mese dopo nel foglio Budget.
B31: Modello creato su misura — i numeri presenti sono esempi da sostituire con i tuoi.

Sheet Annuale
B2: ANDAMENTO ANNUALE — previsto vs effettivo
B3: Anno | C3: =Impostazioni!$C$4
B5: Mese | C5: n. | D5: Entrate previste | E5: Entrate effettive | F5: Uscite previste | G5: Uscite effettive | H5: Risparmio previsto | I5: Risparmio effettivo | J5: Scostamento uscite
B6: Gennaio | C6: 1 | D6: =SUMIF(Budget!$B$5:$B$34,"Entrata",INDEX(Budget!$C$5:$N$34,0,$C6)) | E6: =SUMIFS(Movimenti!$E$5:$E$5000,Movimenti!$F$5:$F$5000,$C6,Movimenti!$G$5:$G$5000,$C$3,Movimenti!$H$5:$H$5000,"Entrata") | F6: =SUMIF(Budget!$B$5:$B$34,"Spesa",INDEX(Budget!$C$5:$N$34,0,$C6)) | G6: =SUMIFS(Movimenti!$E$5:$E$5000,Movimenti!$F$5:$F$5000,$C6,Movimenti!$G$5:$G$5000,$C$3,Movimenti!$H$5:$H$5000,"Spesa") | H6: =$D6-$F6 | I6: =$E6-$G6 | J6: =$F6-$G6
B7: Febbraio | C7: 2 | D7: =SUMIF(Budget!$B$5:$B$34,"Entrata",INDEX(Budget!$C$5:$N$34,0,$C7)) | E7: =SUMIFS(Movimenti!$E$5:$E$5000,Movimenti!$F$5:$F$5000,$C7,Movimenti!$G$5:$G$5000,$C$3,Movimenti!$H$5:$H$5000,"Entrata") | F7: =SUMIF(Budget!$B$5:$B$34,"Spesa",INDEX(Budget!$C$5:$N$34,0,$C7)) | G7: =SUMIFS(Movimenti!$E$5:$E$5000,Movimenti!$F$5:$F$5000,$C7,Movimenti!$G$5:$G$5000,$C$3,Movimenti!$H$5:$H$5000,"Spesa") | H7: =$D7-$F7 | I7: =$E7-$G7 | J7: =$F7-$G7
B8: Marzo | C8: 3 | D8: =SUMIF(Budget!$B$5:$B$34,"Entrata",INDEX(Budget!$C$5:$N$34,0,$C8)) | E8: =SUMIFS(Movimenti!$E$5:$E$5000,Movimenti!$F$5:$F$5000,$C8,Movimenti!$G$5:$G$5000,$C$3,Movimenti!$H$5:$H$5000,"Entrata") | F8: =SUMIF(Budget!$B$5:$B$34,"Spesa",INDEX(Budget!$C$5:$N$34,0,$C8)) | G8: =SUMIFS(Movimenti!$E$5:$E$5000,Movimenti!$F$5:$F$5000,$C8,Movimenti!$G$5:$G$5000,$C$3,Movimenti!$H$5:$H$5000,"Spesa") | H8: =$D8-$F8 | I8: =$E8-$G8 | J8: =$F8-$G8
B9: Aprile | C9: 4 | D9: =SUMIF(Budget!$B$5:$B$34,"Entrata",INDEX(Budget!$C$5:$N$34,0,$C9)) | E9: =SUMIFS(Movimenti!$E$5:$E$5000,Movimenti!$F$5:$F$5000,$C9,Movimenti!$G$5:$G$5000,$C$3,Movimenti!$H$5:$H$5000,"Entrata") | F9: =SUMIF(Budget!$B$5:$B$34,"Spesa",INDEX(Budget!$C$5:$N$34,0,$C9)) | G9: =SUMIFS(Movimenti!$E$5:$E$5000,Movimenti!$F$5:$F$5000,$C9,Movimenti!$G$5:$G$5000,$C$3,Movimenti!$H$5:$H$5000,"Spesa") | H9: =$D9-$F9 | I9: =$E9-$G9 | J9: =$F9-$G9
B10: Maggio | C10: 5 | D10: =SUMIF(Budget!$B$5:$B$34,"Entrata",INDEX(Budget!$C$5:$N$34,0,$C10)) | E10: =SUMIFS(Movimenti!$E$5:$E$5000,Movimenti!$F$5:$F$5000,$C10,Movimenti!$G$5:$G$5000,$C$3,Movimenti!$H$5:$H$5000,"Entrata") | F10: =SUMIF(Budget!$B$5:$B$34,"Spesa",INDEX(Budget!$C$5:$N$34,0,$C10)) | G10: =SUMIFS(Movimenti!$E$5:$E$5000,Movimenti!$F$5:$F$5000,$C10,Movimenti!$G$5:$G$5000,$C$3,Movimenti!$H$5:$H$5000,"Spesa") | H10: =$D10-$F10 | I10: =$E10-$G10 | J10: =$F10-$G10
B11: Giugno | C11: 6 | D11: =SUMIF(Budget!$B$5:$B$34,"Entrata",INDEX(Budget!$C$5:$N$34,0,$C11)) | E11: =SUMIFS(Movimenti!$E$5:$E$5000,Movimenti!$F$5:$F$5000,$C11,Movimenti!$G$5:$G$5000,$C$3,Movimenti!$H$5:$H$5000,"Entrata") | F11: =SUMIF(Budget!$B$5:$B$34,"Spesa",INDEX(Budget!$C$5:$N$34,0,$C11)) | G11: =SUMIFS(Movimenti!$E$5:$E$5000,Movimenti!$F$5:$F$5000,$C11,Movimenti!$G$5:$G$5000,$C$3,Movimenti!$H$5:$H$5000,"Spesa") | H11: =$D11-$F11 | I11: =$E11-$G11 | J11: =$F11-$G11
B12: Luglio | C12: 7 | D12: =SUMIF(Budget!$B$5:$B$34,"Entrata",INDEX(Budget!$C$5:$N$34,0,$C12)) | E12: =SUMIFS(Movimenti!$E$5:$E$5000,Movimenti!$F$5:$F$5000,$C12,Movimenti!$G$5:$G$5000,$C$3,Movimenti!$H$5:$H$5000,"Entrata") | F12: =SUMIF(Budget!$B$5:$B$34,"Spesa",INDEX(Budget!$C$5:$N$34,0,$C12)) | G12: =SUMIFS(Movimenti!$E$5:$E$5000,Movimenti!$F$5:$F$5000,$C12,Movimenti!$G$5:$G$5000,$C$3,Movimenti!$H$5:$H$5000,"Spesa") | H12: =$D12-$F12 | I12: =$E12-$G12 | J12: =$F12-$G12
B13: Agosto | C13: 8 | D13: =SUMIF(Budget!$B$5:$B$34,"Entrata",INDEX(Budget!$C$5:$N$34,0,$C13)) | E13: =SUMIFS(Movimenti!$E$5:$E$5000,Movimenti!$F$5:$F$5000,$C13,Movimenti!$G$5:$G$5000,$C$3,Movimenti!$H$5:$H$5000,"Entrata") | F13: =SUMIF(Budget!$B$5:$B$34,"Spesa",INDEX(Budget!$C$5:$N$34,0,$C13)) | G13: =SUMIFS(Movimenti!$E$5:$E$5000,Movimenti!$F$5:$F$5000,$C13,Movimenti!$G$5:$G$5000,$C$3,Movimenti!$H$5:$H$5000,"Spesa") | H13: =$D13-$F13 | I13: =$E13-$G13 | J13: =$F13-$G13
B14: Settembre | C14: 9 | D14: =SUMIF(Budget!$B$5:$B$34,"Entrata",INDEX(Budget!$C$5:$N$34,0,$C14)) | E14: =SUMIFS(Movimenti!$E$5:$E$5000,Movimenti!$F$5:$F$5000,$C14,Movimenti!$G$5:$G$5000,$C$3,Movimenti!$H$5:$H$5000,"Entrata") | F14: =SUMIF(Budget!$B$5:$B$34,"Spesa",INDEX(Budget!$C$5:$N$34,0,$C14)) | G14: =SUMIFS(Movimenti!$E$5:$E$5000,Movimenti!$F$5:$F$5000,$C14,Movimenti!$G$5:$G$5000,$C$3,Movimenti!$H$5:$H$5000,"Spesa") | H14: =$D14-$F14 | I14: =$E14-$G14 | J14: =$F14-$G14
B15: Ottobre | C15: 10 | D15: =SUMIF(Budget!$B$5:$B$34,"Entrata",INDEX(Budget!$C$5:$N$34,0,$C15)) | E15: =SUMIFS(Movimenti!$E$5:$E$5000,Movimenti!$F$5:$F$5000,$C15,Movimenti!$G$5:$G$5000,$C$3,Movimenti!$H$5:$H$5000,"Entrata") | F15: =SUMIF(Budget!$B$5:$B$34,"Spesa",INDEX(Budget!$C$5:$N$34,0,$C15)) | G15: =SUMIFS(Movimenti!$E$5:$E$5000,Movimenti!$F$5:$F$5000,$C15,Movimenti!$G$5:$G$5000,$C$3,Movimenti!$H$5:$H$5000,"Spesa") | H15: =$D15-$F15 | I15: =$E15-$G15 | J15: =$F15-$G15
B16: Novembre | C16: 11 | D16: =SUMIF(Budget!$B$5:$B$34,"Entrata",INDEX(Budget!$C$5:$N$34,0,$C16)) | E16: =SUMIFS(Movimenti!$E$5:$E$5000,Movimenti!$F$5:$F$5000,$C16,Movimenti!$G$5:$G$5000,$C$3,Movimenti!$H$5:$H$5000,"Entrata") | F16: =SUMIF(Budget!$B$5:$B$34,"Spesa",INDEX(Budget!$C$5:$N$34,0,$C16)) | G16: =SUMIFS(Movimenti!$E$5:$E$5000,Movimenti!$F$5:$F$5000,$C16,Movimenti!$G$5:$G$5000,$C$3,Movimenti!$H$5:$H$5000,"Spesa") | H16: =$D16-$F16 | I16: =$E16-$G16 | J16: =$F16-$G16
B17: Dicembre | C17: 12 | D17: =SUMIF(Budget!$B$5:$B$34,"Entrata",INDEX(Budget!$C$5:$N$34,0,$C17)) | E17: =SUMIFS(Movimenti!$E$5:$E$5000,Movimenti!$F$5:$F$5000,$C17,Movimenti!$G$5:$G$5000,$C$3,Movimenti!$H$5:$H$5000,"Entrata") | F17: =SUMIF(Budget!$B$5:$B$34,"Spesa",INDEX(Budget!$C$5:$N$34,0,$C17)) | G17: =SUMIFS(Movimenti!$E$5:$E$5000,Movimenti!$F$5:$F$5000,$C17,Movimenti!$G$5:$G$5000,$C$3,Movimenti!$H$5:$H$5000,"Spesa") | H17: =$D17-$F17 | I17: =$E17-$G17 | J17: =$F17-$G17
B18: TOTALE ANNO | D18: =SUM(D6:D17) | E18: =SUM(E6:E17) | F18: =SUM(F6:F17) | G18: =SUM(G6:G17) | H18: =SUM(H6:H17) | I18: =SUM(I6:I17) | J18: =SUM(J6:J17)
